text,department
"Government implements new security measures",Ministry of Home Affairs
"Foreign diplomats visit India for bilateral talks",Ministry of External Affairs
"Finance Ministry presents the annual budget",Ministry of Finance
"Defense forces conduct joint military exercises",Ministry of Defence
"Health Ministry launches nationwide vaccination campaign",Ministry of Health and Family Welfare
"Education Ministry announces reforms in school curriculum",Ministry of Education
"Rural Development Ministry initiates job creation projects",Ministry of Rural Development
"Urban Affairs Ministry approves urban renewal plans",Ministry of Urban Affairs
"Women and Child Development Ministry empowers women entrepreneurs",Ministry of Women and Child Development
"IT Ministry promotes digital literacy",Ministry of Electronics and Information Technology
"Railway Ministry inaugurates new high-speed train services",Ministry of Railways
"Road Transport Ministry upgrades national highways",Ministry of Road Transport and Highways
"Environment Ministry launches climate awareness campaign",Ministry of Environment Forest and Climate Change
"Commerce Ministry facilitates international trade agreements",Ministry of Commerce and Industry
"Legal reforms aim to expedite court proceedings",Ministry of Law and Justice
"Petroleum Ministry explores offshore oil reserves",Ministry of Petroleum and Natural Gas
"Social Justice Ministry supports marginalized communities with welfare programs",Ministry of Social Justice and Empowerment
"Science and Technology Ministry funds space exploration research",Ministry of Science and Technology
"Culture Ministry restores historical monuments",Ministry of Culture
"Civil Aviation Ministry updates aviation safety regulations",Ministry of Civil Aviation
"Security forces maintain law and order in sensitive regions",Ministry of Home Affairs
"Foreign Affairs Ministry strengthens diplomatic ties",Ministry of External Affairs
"Finance Ministry announces tax incentives for small businesses",Ministry of Finance
"Defense Ministry procures advanced military equipment",Ministry of Defence
"Health Ministry launches public health awareness campaign",Ministry of Health and Family Welfare
"Education Ministry promotes online learning platforms",Ministry of Education
"Rural Development Ministry empowers farmers with modern agriculture techniques",Ministry of Rural Development
"Urban Affairs Ministry plans sustainable urban development projects",Ministry of Urban Affairs
"Women and Child Development Ministry focuses on child nutrition programs",Ministry of Women and Child Development
"IT Ministry supports startups through tech incubators",Ministry of Electronics and Information Technology
"Railway Ministry expands railway network to connect remote areas",Ministry of Railways
"Road Transport Ministry improves road safety measures",Ministry of Road Transport and Highways
"Environment Ministry conserves wildlife habitats",Ministry of Environment Forest and Climate Change
"Commerce Ministry promotes export of Indian goods",Ministry of Commerce and Industry
"Legal reforms aim to reduce case backlog in courts",Ministry of Law and Justice
"Petroleum Ministry invests in renewable energy research",Ministry of Petroleum and Natural Gas
"Social Justice Ministry empowers differently-abled individuals",Ministry of Social Justice and Empowerment
"Science and Technology Ministry advances nanotechnology research",Ministry of Science and Technology
"Culture Ministry organizes cultural festivals",Ministry of Culture
"Civil Aviation Ministry enhances airport infrastructure",Ministry of Civil Aviation
"Government intensifies security measures",Ministry of Home Affairs
"External Affairs Ministry hosts international summit",Ministry of External Affairs
"Finance Ministry introduces tax reform bill",Ministry of Finance
"Defense forces conduct border security operations",Ministry of Defence
"Health Ministry expands healthcare access in rural areas",Ministry of Health and Family Welfare
"Education Ministry promotes teacher training programs",Ministry of Education
"Rural Development Ministry empowers self-help groups",Ministry of Rural Development
"Urban Affairs Ministry promotes affordable housing projects",Ministry of Urban Affairs
"Women and Child Development Ministry focuses on child education",Ministry of Women and Child Development
"IT Ministry launches cybersecurity initiative",Ministry of Electronics and Information Technology
"Railway Ministry introduces high-speed train routes",Ministry of Railways
"Road Transport Ministry constructs new expressways",Ministry of Road Transport and Highways
"Environment Ministry protects endangered species",Ministry of Environment Forest and Climate Change
"Commerce Ministry opens trade routes with neighboring countries",Ministry of Commerce and Industry
"Legal reforms aim to provide faster access to justice",Ministry of Law and Justice
"Petroleum Ministry explores offshore drilling opportunities",Ministry of Petroleum and Natural Gas
"Social Justice Ministry supports senior citizens with pension schemes",Ministry of Social Justice and Empowerment
"Science and Technology Ministry funds research in renewable energy",Ministry of Science and Technology
"Culture Ministry preserves ancient manuscripts",Ministry of Culture
"Civil Aviation Ministry ensures air travel safety",Ministry of Civil Aviation
"Government enhances border security measures",Ministry of Home Affairs
"External Affairs Ministry promotes cultural exchange programs",Ministry of External Affairs
"Finance Ministry reviews economic policies",Ministry of Finance
"Defense Ministry conducts military training exercises",Ministry of Defence
"Health Ministry launches telemedicine services",Ministry of Health and Family Welfare
"Education Ministry implements digital learning platforms",Ministry of Education
"Rural Development Ministry empowers women's self-help groups",Ministry of Rural Development
"Urban Affairs Ministry plans smart city development",Ministry of Urban Affairs
"Women and Child Development Ministry focuses on maternal healthcare",Ministry of Women and Child Development
"IT Ministry promotes e-governance initiatives",Ministry of Electronics and Information Technology
"Railway Ministry improves passenger amenities",Ministry of Railways
"Road Transport Ministry modernizes toll collection",Ministry of Road Transport and Highways
"Environment Ministry monitors air quality",Ministry of Environment Forest and Climate Change
"Commerce Ministry boosts export of agricultural products",Ministry of Commerce and Industry
"Legal reforms aim to reduce court case backlog",Ministry of Law and Justice
"Petroleum Ministry invests in clean energy technologies",Ministry of Petroleum and Natural Gas
"Social Justice Ministry supports transgender rights",Ministry of Social Justice and Empowerment
"Science and Technology Ministry funds space exploration missions",Ministry of Science and Technology
"Culture Ministry promotes traditional art forms",Ministry of Culture
"Civil Aviation Ministry regulates drone operations",Ministry of Civil Aviation
"Government strengthens national security",Ministry of Home Affairs
"External Affairs Ministry fosters international cooperation",Ministry of External Affairs
"Finance Ministry announces economic stimulus package",Ministry of Finance
"Defense forces participate in joint military drills",Ministry of Defence
"Health Ministry expands telehealth services",Ministry of Health and Family Welfare
"Education Ministry develops online learning resources",Ministry
"Security forces deployed in sensitive areas",Ministry of Home Affairs
"Indian diplomats attend international summit",Ministry of External Affairs
"Finance Ministry announces new tax policies",Ministry of Finance
"Defense forces conduct military drills",Ministry of Defence
"Health Ministry launches public health campaign",Ministry of Health and Family Welfare
"Education Ministry introduces reforms in schools",Ministry of Education
"Rural development projects empower villages",Ministry of Rural Development
"Urban Affairs Ministry plans smart city initiatives",Ministry of Urban Affairs
"Women's and Child Development Ministry empowers women",Ministry of Women and Child Development
"IT Ministry unveils national tech strategy",Ministry of Electronics and Information Technology
"Railway Ministry inaugurates new train routes",Ministry of Railways
"Road Transport Ministry improves highway infrastructure",Ministry of Road Transport and Highways
"Environment Ministry initiates climate change action",Ministry of Environment Forest and Climate Change
"Commerce Ministry promotes trade partnerships",Ministry of Commerce and Industry
"Legal reforms to streamline the justice system",Ministry of Law and Justice
"Petroleum Ministry explores new oil reserves",Ministry of Petroleum and Natural Gas
"Social Justice Ministry supports marginalized communities",Ministry of Social Justice and Empowerment
"Science and Technology Ministry advances research",Ministry of Science and Technology
"Culture Ministry preserves historical heritage",Ministry of Culture
"Civil Aviation Ministry enforces aviation regulations",Ministry of Civil Aviation
"New law introduced to strengthen national security",Ministry of Home Affairs
"India and China engage in diplomatic talks",Ministry of External Affairs
"Budget announcement: Tax cuts for small businesses",Ministry of Finance
"Indian Army conducts military exercises",Ministry of Defence
"Healthcare workers receive COVID-19 vaccines",Ministry of Health and Family Welfare
"New education policy aims to reform the education system",Ministry of Education
"Rural development projects create jobs in villages",Ministry of Rural Development
"Urban housing scheme launched in major cities",Ministry of Urban Affairs
"Women's empowerment programs in rural areas",Ministry of Women and Child Development
"National IT policy promotes technology innovation",Ministry of Electronics and Information Technology
"Railway modernization project to improve train services",Ministry of Railways
"Highway expansion project to reduce traffic congestion",Ministry of Road Transport and Highways
"Climate change awareness campaign launched",Ministry of Environment Forest and Climate Change
"Trade agreements boost export opportunities",Ministry of Commerce and Industry
"Legal reforms to expedite court cases",Ministry of Law and Justice
"Petroleum exploration in offshore reserves",Ministry of Petroleum and Natural Gas
"Social justice initiatives for marginalized communities",Ministry of Social Justice and Empowerment
"Scientific research grant for space exploration",Ministry of Science and Technology
"Heritage conservation project at historical sites",Ministry of Culture
"Civil aviation safety regulations updated",Ministry of Civil Aviation
"Rural Development Ministry empowers local self-governance",Ministry of Rural Development
"Urban Affairs Ministry approves urban redevelopment projects",Ministry of Urban Affairs
"Women and Child Development Ministry focuses on child nutrition",Ministry of Women and Child Development
"IT Ministry supports digital literacy campaigns",Ministry of Electronics and Information Technology
"Railway Ministry enhances train safety measures",Ministry of Railways
"Road Transport Ministry constructs new bridges",Ministry of Road Transport and Highways
"Environment Ministry promotes eco-friendly practices",Ministry of Environment Forest and Climate Change
"Commerce Ministry facilitates trade with ASEAN nations",Ministry of Commerce and Industry
"Legal reforms aim to expedite legal processes",Ministry of Law and Justice
"Petroleum Ministry explores renewable energy options",Ministry of Petroleum and Natural Gas
"Social Justice Ministry empowers economically disadvantaged communities",Ministry of Social Justice and Empowerment
"Science and Technology Ministry advances medical research",Ministry of Science and Technology
"Culture Ministry celebrates India's cultural diversity",Ministry of Culture
"Civil Aviation Ministry regulates airspace management",Ministry of Civil Aviation
"Government addresses internal security challenges",Ministry of Home Affairs
"External Affairs Ministry strengthens diplomatic relations with neighboring countries",Ministry of External Affairs
"Finance Ministry introduces tax reform proposals",Ministry of Finance
"Defense Ministry conducts military readiness exercises",Ministry of Defence
"Health Ministry expands healthcare infrastructure",Ministry of Health and Family Welfare
"Education Ministry promotes teacher development programs",Ministry of Education
"Rural Development Ministry empowers women entrepreneurs",Ministry of Rural Development
"Urban Affairs Ministry initiates urban beautification projects",Ministry of Urban Affairs
"Women and Child Development Ministry focuses on child welfare",Ministry of Women and Child Development
"IT Ministry supports startup incubators",Ministry of Electronics and Information Technology
"Railway Ministry enhances passenger amenities at stations",Ministry of Railways
"Road Transport Ministry upgrades national highways",Ministry of Road Transport and Highways
"Environment Ministry conserves biodiversity",Ministry of Environment Forest and Climate Change
"Commerce Ministry boosts exports of textiles",Ministry of Commerce and Industry
"Legal reforms aim to improve access to justice",Ministry of Law and Justice
"Petroleum Ministry explores clean energy solutions",Ministry of Petroleum and Natural Gas
"Social Justice Ministry supports tribal communities",Ministry of Social Justice and Empowerment
"Science and Technology Ministry funds research in space technology",Ministry of Science and Technology
"Culture Ministry preserves ancient artifacts",Ministry of Culture
"Civil Aviation Ministry enhances airport security measures",Ministry of Civil Aviation
"Government announces new security protocol",Ministry of Home Affairs
"Indian diplomats engage in international diplomacy",Ministry of External Affairs
"Finance Ministry unveils fiscal budget proposals",Ministry of Finance
"Defense forces conduct joint military exercises",Ministry of Defence
"Health Ministry launches public health awareness campaign",Ministry of Health and Family Welfare
"Education Ministry introduces educational reforms",Ministry of Education
"Rural Development Ministry initiates rural employment programs",Ministry of Rural Development
"Urban Affairs Ministry approves urban redevelopment projects",Ministry of Urban Affairs
"Women and Child Development Ministry empowers women entrepreneurs",Ministry of Women and Child Development
"IT Ministry promotes digital literacy initiatives",Ministry of Electronics and Information Technology
"Railway Ministry inaugurates new rail routes",Ministry of Railways
"Road Transport Ministry improves national highways",Ministry of Road Transport and Highways
"Environment Ministry focuses on climate change mitigation",Ministry of Environment Forest and Climate Change
"Commerce Ministry facilitates international trade agreements",Ministry of Commerce and Industry
"Legal reforms aim to expedite court proceedings",Ministry of Law and Justice
"Petroleum Ministry explores offshore oil reserves",Ministry of Petroleum and Natural Gas
"Social Justice Ministry supports marginalized communities",Ministry of Social Justice and Empowerment
"Science and Technology Ministry advances research funding",Ministry of Science and Technology
"Culture Ministry promotes cultural heritage preservation",Ministry of Culture
"Civil Aviation Ministry enhances aviation safety regulations",Ministry of Civil Aviation
"Security forces maintain law and order in sensitive regions",Ministry of Home Affairs
"External Affairs Ministry fosters international cooperation",Ministry of External Affairs
"Finance Ministry reviews economic policies",Ministry of Finance
"Defense forces participate in military training exercises",Ministry of Defence
"Health Ministry expands telehealth services",Ministry of Health and Family Welfare
"Education Ministry promotes online learning platforms",Ministry of Education
"Rural Development Ministry empowers rural women's self-help groups",Ministry of Rural Development
"Urban Affairs Ministry plans smart city development",Ministry of Urban Affairs
"Women and Child Development Ministry focuses on maternal healthcare",Ministry of Women and Child Development
"IT Ministry supports tech startup initiatives",Ministry of Electronics and Information Technology
"Railway Ministry expands railway network connectivity",Ministry of Railways
"Road Transport Ministry modernizes toll collection",Ministry of Road Transport and Highways
"Environment Ministry monitors air quality levels",Ministry of Environment Forest and Climate Change
"Commerce Ministry promotes agricultural exports",Ministry of Commerce and Industry
"Legal reforms aim to reduce court case backlog",Ministry of Law and Justice
"Petroleum Ministry invests in renewable energy research",Ministry of Petroleum and Natural Gas
"Social Justice Ministry empowers differently-abled individuals",Ministry of Social Justice and Empowerment
"Science and Technology Ministry funds space exploration projects",Ministry of Science and Technology
"Culture Ministry celebrates cultural diversity",Ministry of Culture
"Civil Aviation Ministry regulates drone operations",Ministry of Civil Aviation
"Government intensifies national security measures",Ministry of Home Affairs
"External Affairs Ministry strengthens diplomatic ties with neighboring countries",Ministry of External Affairs
"Finance Ministry introduces economic stimulus packages",Ministry of Finance
"Defense Ministry conducts military readiness drills",Ministry of Defence
"Health Ministry expands healthcare infrastructure",Ministry of Health and Family Welfare
"Education Ministry develops digital learning resources",Ministry of Education
"Rural Development Ministry empowers rural communities",Ministry of Rural Development
"Urban Affairs Ministry initiates urban renewal projects",Ministry of Urban Affairs
"Women and Child Development Ministry focuses on child welfare",Ministry of Women and Child Development
"IT Ministry launches cybersecurity initiatives",Ministry of Electronics and Information Technology
"Railway Ministry enhances passenger services",Ministry of Railways
"Road Transport Ministry constructs new roadways",Ministry of Road Transport and Highways
"Environment Ministry conserves natural ecosystems",Ministry of Environment Forest and Climate Change
"Commerce Ministry boosts export of textiles",Ministry of Commerce and Industry
"Legal reforms aim to streamline legal processes",Ministry of Law and Justice
"Petroleum Ministry explores clean energy solutions",Ministry of Petroleum and Natural Gas
"Social Justice Ministry supports tribal communities",Ministry of Social Justice and Empowerment
"Science and Technology Ministry advances medical research",Ministry of Science and Technology
"Culture Ministry preserves ancient heritage",Ministry of Culture
"Civil Aviation Ministry enforces airspace regulations",Ministry of Civil Aviation
"Government addresses internal security challenges",Ministry of Home Affairs
"External Affairs Ministry promotes cultural exchange programs",Ministry of External Affairs
"Finance Ministry announces tax reform proposals",Ministry of Finance
"Defense forces conduct border security operations",Ministry of Defence
"Health Ministry launches telemedicine services",Ministry of Health and Family Welfare
"Education Ministry promotes teacher development programs",Ministry of Education
"Rural Development Ministry empowers self-help groups",Ministry of Rural Development
"Urban Affairs Ministry approves urban infrastructure projects",Ministry of Urban Affairs
"Women and Child Development Ministry focuses on child nutrition",Ministry of Women and Child Development
"IT Ministry supports tech incubation initiatives",Ministry of Electronics and Information Technology
"Railway Ministry enhances railway safety measures",Ministry of Railways
"Road Transport Ministry modernizes transportation infrastructure",Ministry of Road Transport and Highways
"Environment Ministry promotes eco-friendly practices",Ministry of Environment Forest and Climate Change
"Commerce Ministry opens trade routes with neighboring nations",Ministry of Commerce and Industry
"Legal reforms aim to provide faster access to justice",Ministry of Law and Justice
"Petroleum Ministry invests in clean energy solutions",Ministry of Petroleum and Natural Gas
"Social Justice Ministry empowers senior citizens",Ministry of Social Justice and Empowerment
"Science and Technology Ministry funds research in space technology",Ministry of Science and Technology
"Culture Ministry celebrates India's artistic heritage",Ministry of Culture
"Civil Aviation Ministry ensures aviation safety",Ministry of Civil Aviation
"Government unveils new security strategy",Ministry of Home Affairs
"Indian diplomats attend international summit for diplomacy",Ministry of External Affairs
"Finance Ministry announces revised budget proposals",Ministry of Finance
"Defense forces conduct military training exercises",Ministry of Defence
"Health Ministry launches nationwide vaccination drive",Ministry of Health and Family Welfare
"Education Ministry introduces modernized curriculum",Ministry of Education
"Rural Development Ministry initiates employment schemes",Ministry of Rural Development
"Urban Affairs Ministry approves urban redevelopment initiatives",Ministry of Urban Affairs
"Women and Child Development Ministry empowers women's self-help groups",Ministry of Women and Child Development
"IT Ministry promotes digital literacy campaigns",Ministry of Electronics and Information Technology
"Railway Ministry inaugurates new rail services",Ministry of Railways
"Road Transport Ministry enhances national highway infrastructure",Ministry of Road Transport and Highways
"Environment Ministry focuses on climate change mitigation efforts",Ministry of Environment Forest and Climate Change
"Commerce Ministry facilitates international trade agreements",Ministry of Commerce and Industry
"Legal reforms aim to expedite legal proceedings",Ministry of Law and Justice
"Petroleum Ministry explores offshore oil exploration",Ministry of Petroleum and Natural Gas
"Social Justice Ministry supports marginalized communities",Ministry of Social Justice and Empowerment
"Science and Technology Ministry advances research funding",Ministry of Science and Technology
"Culture Ministry promotes cultural heritage preservation",Ministry of Culture
"Civil Aviation Ministry enhances aviation safety regulations",Ministry of Civil Aviation
"Security forces maintain law and order in sensitive areas",Ministry of Home Affairs
"External Affairs Ministry strengthens diplomatic relations",Ministry of External Affairs
"Finance Ministry reviews economic policies and taxation",Ministry of Finance
"Defense Ministry conducts joint military readiness drills",Ministry of Defence
"Health Ministry expands telehealth services availability",Ministry of Health and Family Welfare
"Education Ministry promotes online learning platforms",Ministry of Education
"Rural Development Ministry empowers rural women through self-help groups",Ministry of Rural Development
"Urban Affairs Ministry initiates smart city development projects",Ministry of Urban Affairs
"Women and Child Development Ministry focuses on maternal and child healthcare",Ministry of Women and Child Development
"IT Ministry supports tech startup incubation",Ministry of Electronics and Information Technology
"Railway Ministry expands railway network connectivity",Ministry of Railways
"Road Transport Ministry modernizes toll collection methods",Ministry of Road Transport and Highways
"Environment Ministry conserves natural ecosystems",Ministry of Environment Forest and Climate Change
"Commerce Ministry boosts exports of agricultural products",Ministry of Commerce and Industry
"Legal reforms aim to streamline the justice system",Ministry of Law and Justice
"Petroleum Ministry invests in clean and renewable energy research",Ministry of Petroleum and Natural Gas
"Social Justice Ministry empowers differently-abled individuals",Ministry of Social Justice and Empowerment
"Science and Technology Ministry funds space exploration projects",Ministry of Science and Technology
"Culture Ministry celebrates India's cultural diversity",Ministry of Culture
"Civil Aviation Ministry enforces airspace management regulations",Ministry of Civil Aviation
"Government enhances border security measures",Ministry of Home Affairs
"External Affairs Ministry promotes cultural exchange and international cooperation",Ministry of External Affairs
"Finance Ministry introduces economic stimulus packages and tax reforms",Ministry of Finance
"Defense forces conduct border security operations",Ministry of Defence
"Health Ministry launches telemedicine services for remote areas",Ministry of Health and Family Welfare
"Education Ministry promotes teacher development and digital learning resources",Ministry of Education
"Rural Development Ministry empowers rural communities through job creation programs",Ministry of Rural Development
"Urban Affairs Ministry approves urban infrastructure projects for sustainable development",Ministry of Urban Affairs
"Women and Child Development Ministry focuses on child nutrition and welfare",Ministry of Women and Child Development
"IT Ministry launches cybersecurity initiatives and digital literacy campaigns",Ministry of Electronics and Information Technology
"Railway Ministry enhances passenger services and railway safety measures",Ministry of Railways
"Road Transport Ministry modernizes transportation infrastructure and roadways",Ministry of Road Transport and Highways
"Environment Ministry promotes eco-friendly practices and conservation efforts",Ministry of Environment Forest and Climate Change
"Commerce Ministry opens trade routes with neighboring nations",Ministry of Commerce and Industry
"Legal reforms aim to provide faster access to justice and reduce court case backlog",Ministry of Law and Justice
"Petroleum Ministry invests in clean energy solutions and renewable technologies",Ministry of Petroleum and Natural Gas
"Social Justice Ministry empowers tribal communities and supports senior citizens",Ministry of Social Justice and Empowerment
"Science and Technology Ministry advances medical research and space exploration",Ministry of Science and Technology
"Culture Ministry preserves ancient heritage and promotes traditional art forms",Ministry of Culture
"Civil Aviation Ministry ensures aviation safety through regulations and inspections",Ministry of Civil Aviation
"Government announces new security measures",Ministry of Home Affairs
"Indian diplomats engage in diplomatic talks",Ministry of External Affairs
"Finance Ministry presents the annual budget",Ministry of Finance
"Defense forces conduct military exercises",Ministry of Defence
"Health Ministry launches healthcare initiatives",Ministry of Health and Family Welfare
"Education Ministry introduces education reforms",Ministry of Education
"Rural Development Ministry focuses on rural development",Ministry of Rural Development
"Urban Affairs Ministry approves urban development projects",Ministry of Urban Affairs
"Women and Child Development Ministry empowers women",Ministry of Women and Child Development
"IT Ministry promotes information technology",Ministry of Electronics and Information Technology
"Railway Ministry administers the railway network",Ministry of Railways
"Road Transport Ministry oversees road infrastructure",Ministry of Road Transport and Highways
"Environment Ministry addresses environmental conservation",Ministry of Environment Forest and Climate Change
"Commerce Ministry manages trade and commerce",Ministry of Commerce and Industry
"Legal Ministry handles legal matters",Ministry of Law and Justice
"Petroleum Ministry manages petroleum resources",Ministry of Petroleum and Natural Gas
"Social Justice Ministry focuses on social justice",Ministry of Social Justice and Empowerment
"Science and Technology Ministry supports research",Ministry of Science and Technology
"Culture Ministry promotes cultural heritage",Ministry of Culture
"Civil Aviation Ministry regulates civil aviation",Ministry of Civil Aviation
"Government strengthens national security",Ministry of Home Affairs
"External Affairs Ministry handles foreign relations",Ministry of External Affairs
"Finance Ministry reviews economic policies",Ministry of Finance
"Defense forces conduct joint military drills",Ministry of Defence
"Health Ministry expands healthcare services",Ministry of Health and Family Welfare
"Education Ministry promotes educational innovation",Ministry of Education
"Rural Development Ministry empowers rural communities",Ministry of Rural Development
"Urban Affairs Ministry plans urban infrastructure",Ministry of Urban Affairs
"Women and Child Development Ministry empowers children and women",Ministry of Women and Child Development
"IT Ministry supports information technology initiatives",Ministry of Electronics and Information Technology
"Railway Ministry enhances rail services",Ministry of Railways
"Road Transport Ministry improves roadways",Ministry of Road Transport and Highways
"Environment Ministry conserves forests and climate",Ministry of Environment Forest and Climate Change
"Commerce Ministry facilitates trade agreements",Ministry of Commerce and Industry
"Legal Ministry reforms legal processes",Ministry of Law and Justice
"Petroleum Ministry explores natural gas reserves",Ministry of Petroleum and Natural Gas
"Social Justice Ministry supports marginalized communities",Ministry of Social Justice and Empowerment
"Science and Technology Ministry funds scientific research",Ministry of Science and Technology
"Culture Ministry preserves cultural diversity",Ministry of Culture
"Civil Aviation Ministry enforces aviation regulations",Ministry of Civil Aviation
"Government addresses internal security",Ministry of Home Affairs
"External Affairs Ministry fosters diplomatic relations",Ministry of External Affairs
"Finance Ministry announces budget proposals",Ministry of Finance
"Defense forces participate in military exercises",Ministry of Defence
"Health Ministry launches healthcare campaigns",Ministry of Health and Family Welfare
"Education Ministry introduces modern curriculum",Ministry of Education
"Rural Development Ministry empowers rural youth",Ministry of Rural Development
"Urban Affairs Ministry approves urban renewal projects",Ministry of Urban Affairs
"Women and Child Development Ministry focuses on child welfare",Ministry of Women and Child Development
"IT Ministry promotes digital literacy",Ministry of Electronics and Information Technology
"Railway Ministry inaugurates new train routes",Ministry of Railways
"Road Transport Ministry upgrades road infrastructure",Ministry of Road Transport and Highways
"Environment Ministry protects wildlife habitats",Ministry of Environment Forest and Climate Change
"Commerce Ministry boosts export opportunities",Ministry of Commerce and Industry
"Legal Ministry reforms legal procedures",Ministry of Law and Justice
"Petroleum Ministry invests in clean energy",Ministry of Petroleum and Natural Gas
"Social Justice Ministry empowers disadvantaged communities",Ministry of Social Justice and Empowerment
"Science and Technology Ministry funds space research",Ministry of Science and Technology
"Culture Ministry celebrates cultural heritage",Ministry of Culture
"Civil Aviation Ministry ensures air travel safety",Ministry of Civil Aviation
"Government enhances border security",Ministry of Home Affairs
"External Affairs Ministry promotes cultural exchange",Ministry of External Affairs
"Finance Ministry reviews taxation policies",Ministry of Finance
"Defense forces conduct border security operations",Ministry of Defence
"Health Ministry expands telemedicine services",Ministry of Health and Family Welfare
"Education Ministry promotes teacher training",Ministry of Education
"Rural Development Ministry empowers rural self-help groups",Ministry of Rural Development
"Urban Affairs Ministry initiates urban beautification projects",Ministry of Urban Affairs
"Women and Child Development Ministry focuses on child nutrition",Ministry of Women and Child Development
"IT Ministry supports tech startups",Ministry of Electronics and Information Technology
"Railway Ministry enhances passenger amenities",Ministry of Railways
"Road Transport Ministry modernizes toll collection",Ministry of Road Transport and Highways
"Environment Ministry promotes eco-friendly practices",Ministry of Environment Forest and Climate Change
"Commerce Ministry opens trade routes with neighboring nations",Ministry of Commerce and Industry
"Legal Ministry aims to provide faster access to justice",Ministry of Law and Justice
"Petroleum Ministry explores renewable energy sources",Ministry of Petroleum and Natural Gas
"Social Justice Ministry empowers differently-abled individuals",Ministry of Social Justice and Empowerment
"Science and Technology Ministry funds medical research",Ministry of Science and Technology
"Culture Ministry preserves ancient manuscripts",Ministry of Culture
"Civil Aviation Ministry regulates drone operations",Ministry of Civil Aviation
"Government intensifies national security measures",Ministry of Home Affairs
"External Affairs Ministry strengthens diplomatic ties with neighboring countries",Ministry of External Affairs
"Finance Ministry introduces economic stimulus packages",Ministry of Finance
"Defense forces conduct military readiness exercises",Ministry of Defence
"Health Ministry expands healthcare infrastructure",Ministry of Health and Family Welfare
"Education Ministry promotes online learning resources",Ministry of Education
"Rural Development Ministry empowers women's self-help groups",Ministry of Rural Development
"Urban Affairs Ministry plans smart city development",Ministry of Urban Affairs
"Women and Child Development Ministry focuses on maternal healthcare",Ministry of Women and Child Development
"IT Ministry launches cybersecurity initiatives",Ministry of Electronics and Information Technology
"Railway Ministry expands railway network connectivity",Ministry of Railways
"Road Transport Ministry modernizes transportation infrastructure",Ministry of Road Transport and Highways
"Environment Ministry conserves natural ecosystems",Ministry of Environment Forest and Climate Change
"Commerce Ministry boosts exports of agricultural products",Ministry of Commerce and Industry
"Legal Ministry aims to streamline legal processes",Ministry of Law and Justice
"Petroleum Ministry invests in clean energy solutions",Ministry of Petroleum and Natural Gas
"Social Justice Ministry empowers tribal communities",Ministry of Social Justice and Empowerment
"Science and Technology Ministry funds research in space technology",Ministry of Science and Technology
"Culture Ministry preserves ancient heritage",Ministry of Culture
"Civil Aviation Ministry enforces airspace management",Ministry of Civil Aviation
"Government addresses internal security challenges",Ministry of Home Affairs
"External Affairs Ministry promotes cultural exchange programs",Ministry of External Affairs
"Finance Ministry announces tax reform proposals",Ministry of Finance
"Defense forces conduct border security operations",Ministry of Defence
"Health Ministry launches telemedicine services",Ministry of Health and Family Welfare
"Education Ministry promotes teacher development programs",Ministry of Education
"Rural Development Ministry empowers self-help groups",Ministry of Rural Development
"Urban Affairs Ministry approves urban infrastructure projects",Ministry of Urban Affairs
"Women and Child Development Ministry focuses on child nutrition",Ministry of Women and Child Development
"IT Ministry supports tech incubation initiatives",Ministry of Electronics and Information Technology
"Railway Ministry enhances passenger services",Ministry of Railways
"Road Transport Ministry constructs new roadways",Ministry of Road Transport and Highways
"Environment Ministry promotes eco-friendly practices",Ministry of Environment Forest and Climate Change
"Commerce Ministry opens trade routes with neighboring nations",Ministry of Commerce and Industry
"Legal Ministry aims to provide faster access to justice",Ministry of Law and Justice
"Petroleum Ministry invests in clean energy solutions",Ministry of Petroleum and Natural Gas
"Social Justice Ministry empowers senior citizens",Ministry of Social Justice and Empowerment
"Science and Technology Ministry funds research in space technology",Ministry of Science and Technology
"Culture Ministry celebrates India's artistic heritage",Ministry of Culture
"Civil Aviation Ministry ensures aviation safety",Ministry of Civil Aviation
"Government announces new infrastructure projects",Ministry of Home Affairs
"Indian diplomats engage in bilateral negotiations",Ministry of External Affairs
"Finance Ministry presents revised economic policies",Ministry of Finance
"Defense forces conduct joint military exercises",Ministry of Defence
"Health Ministry launches public health campaigns",Ministry of Health and Family Welfare
"Education Ministry introduces innovative teaching methods",Ministry of Education
"Rural Development Ministry focuses on rural electrification",Ministry of Rural Development
"Urban Affairs Ministry approves urban renewal initiatives",Ministry of Urban Affairs
"Women and Child Development Ministry empowers women entrepreneurs",Ministry of Women and Child Development
"IT Ministry promotes digital literacy programs",Ministry of Electronics and Information Technology
"Railway Ministry enhances passenger safety measures",Ministry of Railways
"Road Transport Ministry upgrades national highway networks",Ministry of Road Transport and Highways
"Environment Ministry advocates for sustainable environmental practices",Ministry of Environment Forest and Climate Change
"Commerce Ministry facilitates international trade partnerships",Ministry of Commerce and Industry
"Legal reforms aim to expedite legal proceedings",Ministry of Law and Justice
"Petroleum Ministry explores renewable energy sources",Ministry of Petroleum and Natural Gas
"Social Justice Ministry supports marginalized communities",Ministry of Social Justice and Empowerment
"Science and Technology Ministry funds scientific research projects",Ministry of Science and Technology
"Culture Ministry promotes cultural heritage preservation",Ministry of Culture
"Civil Aviation Ministry enforces aviation regulations",Ministry of Civil Aviation
"Government enhances national security measures",Ministry of Home Affairs
"External Affairs Ministry strengthens diplomatic ties",Ministry of External Affairs
"Finance Ministry reviews taxation policies",Ministry of Finance
"Defense forces conduct border security operations",Ministry of Defence
"Health Ministry expands telemedicine services",Ministry of Health and Family Welfare
"Education Ministry promotes teacher training programs",Ministry of Education
"Rural Development Ministry empowers rural self-help groups",Ministry of Rural Development
"Urban Affairs Ministry initiates smart city development projects",Ministry of Urban Affairs
"Women and Child Development Ministry focuses on maternal healthcare",Ministry of Women and Child Development
"IT Ministry supports tech startup incubation",Ministry of Electronics and Information Technology
"Railway Ministry expands railway network connectivity",Ministry of Railways
"Road Transport Ministry modernizes transportation infrastructure",Ministry of Road Transport and Highways
"Environment Ministry conserves natural ecosystems",Ministry of Environment Forest and Climate Change
"Commerce Ministry boosts exports of agricultural products",Ministry of Commerce and Industry
"Legal reforms aim to streamline legal processes",Ministry of Law and Justice
"Petroleum Ministry invests in clean energy solutions",Ministry of Petroleum and Natural Gas
"Social Justice Ministry empowers differently-abled individuals",Ministry of Social Justice and Empowerment
"Science and Technology Ministry funds research in space technology",Ministry of Science and Technology
"Culture Ministry preserves ancient heritage",Ministry of Culture
"Civil Aviation Ministry ensures air travel safety",Ministry of Civil Aviation
"Government addresses internal security challenges",Ministry of Home Affairs
"External Affairs Ministry promotes cultural exchange programs",Ministry of External Affairs
"Finance Ministry announces tax reform proposals",Ministry of Finance
"Defense forces conduct military readiness exercises",Ministry of Defence
"Health Ministry expands healthcare infrastructure",Ministry of Health and Family Welfare
"Education Ministry promotes online learning platforms",Ministry of Education
"Rural Development Ministry empowers rural communities through job creation programs",Ministry of Rural Development
"Urban Affairs Ministry approves urban infrastructure projects for sustainable development",Ministry of Urban Affairs
"Women and Child Development Ministry focuses on child nutrition and welfare",Ministry of Women and Child Development
"IT Ministry launches cybersecurity initiatives and digital literacy campaigns",Ministry of Electronics and Information Technology
"Railway Ministry enhances passenger services and railway safety measures",Ministry of Railways
"Road Transport Ministry modernizes toll collection methods",Ministry of Road Transport and Highways
"Environment Ministry protects wildlife habitats",Ministry of Environment Forest and Climate Change
"Commerce Ministry promotes agricultural exports",Ministry of Commerce and Industry
"Legal reforms aim to provide faster access to justice and reduce court case backlog",Ministry of Law and Justice
"Petroleum Ministry invests in clean and renewable energy research",Ministry of Petroleum and Natural Gas
"Social Justice Ministry empowers tribal communities and supports senior citizens",Ministry of Social Justice and Empowerment
"Science and Technology Ministry advances medical research and space exploration",Ministry of Science and Technology
"Culture Ministry celebrates cultural diversity and promotes traditional art forms",Ministry of Culture
"Civil Aviation Ministry regulates drone operations and airspace management",Ministry of Civil Aviation
"Government intensifies national security measures",Ministry of Home Affairs
"External Affairs Ministry promotes cultural exchange and international cooperation",Ministry of External Affairs
"Finance Ministry introduces economic stimulus packages and tax reforms",Ministry of Finance
"Defense forces conduct border security operations",Ministry of Defence
"Health Ministry launches telemedicine services for remote areas",Ministry of Health and Family Welfare
"Education Ministry promotes teacher development and digital learning resources",Ministry of Education
"Rural Development Ministry empowers rural women through self-help groups",Ministry of Rural Development
"Urban Affairs Ministry approves urban infrastructure projects",Ministry of Urban Affairs
"Women and Child Development Ministry focuses on child nutrition and welfare",Ministry of Women and Child Development
"IT Ministry supports tech startup incubation",Ministry of Electronics and Information Technology
"Railway Ministry expands railway network connectivity",Ministry of Railways
"Road Transport Ministry modernizes transportation infrastructure",Ministry of Road Transport and Highways
"Environment Ministry promotes eco-friendly practices",Ministry of Environment Forest and Climate Change
"Commerce Ministry opens trade routes with neighboring nations",Ministry of Commerce and Industry
"Legal reforms aim to streamline legal processes",Ministry of Law and Justice
"Petroleum Ministry invests in clean energy solutions",Ministry of Petroleum and Natural Gas
"Social Justice Ministry empowers differently-abled individuals",Ministry of Social Justice and Empowerment
"Science and Technology Ministry funds space exploration projects",Ministry of Science and Technology
"Culture Ministry celebrates India's artistic heritage",Ministry of Culture
"Civil Aviation Ministry ensures aviation safety through regulations and inspections",Ministry of Civil Aviation
"Government addresses internal security challenges",Ministry of Home Affairs
"External Affairs Ministry promotes cultural exchange programs",Ministry of External Affairs
"Finance Ministry announces tax reform proposals",Ministry of Finance
"Defense forces conduct military readiness drills",Ministry of Defence
"Health Ministry expands healthcare infrastructure",Ministry of Health and Family Welfare
"Education Ministry develops digital learning resources",Ministry of Education
"Rural Development Ministry empowers rural communities",Ministry of Rural Development
"Urban Affairs Ministry initiates urban renewal projects",Ministry of Urban Affairs
"Women and Child Development Ministry focuses on child welfare",Ministry of Women and Child Development
"IT Ministry launches cybersecurity initiatives",Ministry of Electronics and Information Technology
"Railway Ministry expands railway safety measures",Ministry of Railways
"Road Transport Ministry modernizes toll collection",Ministry of Road Transport and Highways
"Environment Ministry conserves natural ecosystems",Ministry of Environment Forest and Climate Change
"Commerce Ministry promotes agricultural exports",Ministry of Commerce and Industry
"Legal reforms aim to provide faster access to justice",Ministry of Law and Justice
"Petroleum Ministry invests in clean energy solutions",Ministry of Petroleum and Natural Gas
"Social Justice Ministry empowers senior citizens",Ministry of Social Justice and Empowerment
"Science and Technology Ministry funds research in space technology",Ministry of Science and Technology
"Culture Ministry preserves ancient heritage",Ministry of Culture
"Civil Aviation Ministry enforces airspace regulations",Ministry of Civil Aviation










